yh164,李岩,15836020401,523,2019/5/30,111274,lil,https://blog.csdn.net/think2me/article/details/13000070,285,685
yh165,李岩,15836020402,524,2019/5/31,111275,lil,https://blog.csdn.net/think2me/article/details/13000071,286,686
yh166,李岩,15836020403,525,2019/6/1,111276,lil,https://blog.csdn.net/think2me/article/details/13000072,287,687
yh167,李岩,15836020404,526,2019/6/2,111277,lil,https://blog.csdn.net/think2me/article/details/13000073,288,688
yh168,李岩,15836020405,527,2019/6/3,111278,lil,https://blog.csdn.net/think2me/article/details/13000074,289,689
yh169,李岩,15836020406,528,2019/6/4,111279,lil,https://blog.csdn.net/think2me/article/details/13000075,290,690
yh170,李岩,15836020407,529,2019/6/5,111280,lil,https://blog.csdn.net/think2me/article/details/13000076,291,691
yh171,李岩,15836020408,530,2019/6/6,111281,lil,https://blog.csdn.net/think2me/article/details/13000077,292,692
yh172,李岩,15836020409,531,2019/6/7,111282,lil,https://blog.csdn.net/think2me/article/details/13000078,293,693
yh173,李岩,15836020410,532,2019/6/8,111283,lil,https://blog.csdn.net/think2me/article/details/13000079,294,694
yh174,李岩,15836020411,533,2019/6/9,111284,lil,https://blog.csdn.net/think2me/article/details/13000080,295,695
yh175,李岩,15836020412,534,2019/6/10,111285,lil,https://blog.csdn.net/think2me/article/details/13000081,296,696
yh176,李岩,15836020413,535,2019/6/11,111286,lil,https://blog.csdn.net/think2me/article/details/13000082,297,697
yh177,李岩,15836020414,536,2019/6/12,111287,lil,https://blog.csdn.net/think2me/article/details/13000083,298,698
yh178,李岩,15836020415,537,2019/6/13,111288,lil,https://blog.csdn.net/think2me/article/details/13000084,299,699
yh179,李岩,15836020416,538,2019/6/14,111289,lil,https://blog.csdn.net/think2me/article/details/13000085,300,700
yh180,李岩,15836020417,539,2019/6/15,111290,lil,https://blog.csdn.net/think2me/article/details/13000086,301,701
yh181,李岩,15836020418,540,2019/6/16,111291,lil,https://blog.csdn.net/think2me/article/details/13000087,302,702
yh182,李岩,15836020419,541,2019/6/17,111292,lil,https://blog.csdn.net/think2me/article/details/13000088,303,703
yh183,李岩,15836020420,542,2019/6/18,111293,lil,https://blog.csdn.net/think2me/article/details/13000089,304,704
yh184,李岩,15836020421,543,2019/6/19,111294,lil,https://blog.csdn.net/think2me/article/details/13000090,305,705
yh185,李岩,15836020422,544,2019/6/20,111295,lil,https://blog.csdn.net/think2me/article/details/13000091,306,706
yh186,李岩,15836020423,545,2019/6/21,111296,lil,https://blog.csdn.net/think2me/article/details/13000092,307,707
yh187,李岩,15836020424,546,2019/6/22,111297,lil,https://blog.csdn.net/think2me/article/details/13000093,308,708
yh188,李岩,15836020425,547,2019/6/23,111298,lil,https://blog.csdn.net/think2me/article/details/13000094,309,709
yh189,李岩,15836020426,548,2019/6/24,111299,lil,https://blog.csdn.net/think2me/article/details/13000095,310,710
yh190,李岩,15836020427,549,2019/6/25,111300,lil,https://blog.csdn.net/think2me/article/details/13000096,311,711
yh191,李岩,15836020428,550,2019/6/26,111301,lil,https://blog.csdn.net/think2me/article/details/13000097,312,712
yh192,李岩,15836020429,551,2019/6/27,111302,lil,https://blog.csdn.net/think2me/article/details/13000098,313,713
yh193,李岩,15836020430,552,2019/6/28,111303,lil,https://blog.csdn.net/think2me/article/details/13000099,314,714
yh194,李岩,15836020431,553,2019/6/29,111304,lil,https://blog.csdn.net/think2me/article/details/13000100,315,715
yh195,李岩,15836020432,554,2019/6/30,111305,lil,https://blog.csdn.net/think2me/article/details/13000101,316,716
yh196,李岩,15836020433,555,2019/7/1,111306,lil,https://blog.csdn.net/think2me/article/details/13000102,317,717
yh197,李岩,15836020434,556,2019/7/2,111307,lil,https://blog.csdn.net/think2me/article/details/13000103,318,718
yh198,李岩,15836020435,557,2019/7/3,111308,lil,https://blog.csdn.net/think2me/article/details/13000104,319,719
yh199,李岩,15836020436,558,2019/7/4,111309,lil,https://blog.csdn.net/think2me/article/details/13000105,320,720
yh200,李岩,15836020437,559,2019/7/5,111310,lil,https://blog.csdn.net/think2me/article/details/13000106,321,721
yh201,李岩,15836020438,560,2019/7/6,111311,lil,https://blog.csdn.net/think2me/article/details/13000107,322,722
yh202,李岩,15836020439,561,2019/7/7,111312,lil,https://blog.csdn.net/think2me/article/details/13000108,323,723
yh203,李岩,15836020440,562,2019/7/8,111313,lil,https://blog.csdn.net/think2me/article/details/13000109,324,724
yh204,李岩,15836020441,563,2019/7/9,111314,lil,https://blog.csdn.net/think2me/article/details/13000110,325,725
yh205,李岩,15836020442,564,2019/7/10,111315,lil,https://blog.csdn.net/think2me/article/details/13000111,326,726
yh206,李岩,15836020443,565,2019/7/11,111316,lil,https://blog.csdn.net/think2me/article/details/13000112,327,727
yh207,李岩,15836020444,566,2019/7/12,111317,lil,https://blog.csdn.net/think2me/article/details/13000113,328,728
yh208,李岩,15836020445,567,2019/7/13,111318,lil,https://blog.csdn.net/think2me/article/details/13000114,329,729
yh209,李岩,15836020446,568,2019/7/14,111319,lil,https://blog.csdn.net/think2me/article/details/13000115,330,730
yh210,李岩,15836020447,569,2019/7/15,111320,lil,https://blog.csdn.net/think2me/article/details/13000116,331,731
yh211,李岩,15836020448,570,2019/7/16,111321,lil,https://blog.csdn.net/think2me/article/details/13000117,332,732
yh212,李岩,15836020449,571,2019/7/17,111322,lil,https://blog.csdn.net/think2me/article/details/13000118,333,733
yh213,李岩,15836020450,572,2019/7/18,111323,lil,https://blog.csdn.net/think2me/article/details/13000119,334,734
yh214,李岩,15836020451,573,2019/7/19,111324,lil,https://blog.csdn.net/think2me/article/details/13000120,335,735
yh215,李岩,15836020452,574,2019/7/20,111325,lil,https://blog.csdn.net/think2me/article/details/13000121,336,736
yh216,李岩,15836020453,575,2019/7/21,111326,lil,https://blog.csdn.net/think2me/article/details/13000122,337,737
yh217,李岩,15836020454,576,2019/7/22,111327,lil,https://blog.csdn.net/think2me/article/details/13000123,338,738
yh218,李岩,15836020455,577,2019/7/23,111328,lil,https://blog.csdn.net/think2me/article/details/13000124,339,739
yh219,李岩,15836020456,578,2019/7/24,111329,lil,https://blog.csdn.net/think2me/article/details/13000125,340,740
yh220,李岩,15836020457,579,2019/7/25,111330,lil,https://blog.csdn.net/think2me/article/details/13000126,341,741
yh221,李岩,15836020458,580,2019/7/26,111331,lil,https://blog.csdn.net/think2me/article/details/13000127,342,742
yh222,李岩,15836020459,581,2019/7/27,111332,lil,https://blog.csdn.net/think2me/article/details/13000128,343,743
yh223,李岩,15836020460,582,2019/7/28,111333,lil,https://blog.csdn.net/think2me/article/details/13000129,344,744
yh224,李岩,15836020461,583,2019/7/29,111334,lil,https://blog.csdn.net/think2me/article/details/13000130,345,745
yh225,李岩,15836020462,584,2019/7/30,111335,lil,https://blog.csdn.net/think2me/article/details/13000131,346,746
yh226,李岩,15836020463,585,2019/7/31,111336,lil,https://blog.csdn.net/think2me/article/details/13000132,347,747
yh227,李岩,15836020464,586,2019/8/1,111337,lil,https://blog.csdn.net/think2me/article/details/13000133,348,748
yh228,李岩,15836020465,587,2019/8/2,111338,lil,https://blog.csdn.net/think2me/article/details/13000134,349,749
yh229,李岩,15836020466,588,2019/8/3,111339,lil,https://blog.csdn.net/think2me/article/details/13000135,350,750
yh230,李岩,15836020467,589,2019/8/4,111340,lil,https://blog.csdn.net/think2me/article/details/13000136,351,751
yh231,李岩,15836020468,590,2019/8/5,111341,lil,https://blog.csdn.net/think2me/article/details/13000137,352,752
yh232,李岩,15836020469,591,2019/8/6,111342,lil,https://blog.csdn.net/think2me/article/details/13000138,353,753
yh233,李岩,15836020470,592,2019/8/7,111343,lil,https://blog.csdn.net/think2me/article/details/13000139,354,754
yh234,李岩,15836020471,593,2019/8/8,111344,lil,https://blog.csdn.net/think2me/article/details/13000140,355,755
yh235,李岩,15836020472,594,2019/8/9,111345,lil,https://blog.csdn.net/think2me/article/details/13000141,356,756
yh236,李岩,15836020473,595,2019/8/10,111346,lil,https://blog.csdn.net/think2me/article/details/13000142,357,757
yh237,李岩,15836020474,596,2019/8/11,111347,lil,https://blog.csdn.net/think2me/article/details/13000143,358,758
yh238,李岩,15836020475,597,2019/8/12,111348,lil,https://blog.csdn.net/think2me/article/details/13000144,359,759
yh239,李岩,15836020476,598,2019/8/13,111349,lil,https://blog.csdn.net/think2me/article/details/13000145,360,760
yh240,李岩,15836020477,599,2019/8/14,111350,lil,https://blog.csdn.net/think2me/article/details/13000146,361,761
yh241,李岩,15836020478,600,2019/8/15,111351,lil,https://blog.csdn.net/think2me/article/details/13000147,362,762
yh242,李岩,15836020479,601,2019/8/16,111352,lil,https://blog.csdn.net/think2me/article/details/13000148,363,763
yh243,李岩,15836020480,602,2019/8/17,111353,lil,https://blog.csdn.net/think2me/article/details/13000149,364,764
yh244,李岩,15836020481,603,2019/8/18,111354,lil,https://blog.csdn.net/think2me/article/details/13000150,365,765
yh245,李岩,15836020482,604,2019/8/19,111355,lil,https://blog.csdn.net/think2me/article/details/13000151,366,766
yh246,李岩,15836020483,605,2019/8/20,111356,lil,https://blog.csdn.net/think2me/article/details/13000152,367,767
yh247,李岩,15836020484,606,2019/8/21,111357,lil,https://blog.csdn.net/think2me/article/details/13000153,368,768
yh248,李岩,15836020485,607,2019/8/22,111358,lil,https://blog.csdn.net/think2me/article/details/13000154,369,769
yh249,李岩,15836020486,608,2019/8/23,111359,lil,https://blog.csdn.net/think2me/article/details/13000155,370,770
yh250,李岩,15836020487,609,2019/8/24,111360,lil,https://blog.csdn.net/think2me/article/details/13000156,371,771
yh251,李岩,15836020488,610,2019/8/25,111361,lil,https://blog.csdn.net/think2me/article/details/13000157,372,772
yh252,李岩,15836020489,611,2019/8/26,111362,lil,https://blog.csdn.net/think2me/article/details/13000158,373,773
yh253,李岩,15836020490,612,2019/8/27,111363,lil,https://blog.csdn.net/think2me/article/details/13000159,374,774
yh254,李岩,15836020491,613,2019/8/28,111364,lil,https://blog.csdn.net/think2me/article/details/13000160,375,775
yh255,李岩,15836020492,614,2019/8/29,111365,lil,https://blog.csdn.net/think2me/article/details/13000161,376,776
yh256,李岩,15836020493,615,2019/8/30,111366,lil,https://blog.csdn.net/think2me/article/details/13000162,377,777
yh257,李岩,15836020494,616,2019/8/31,111367,lil,https://blog.csdn.net/think2me/article/details/13000163,378,778
yh258,李岩,15836020495,617,2019/9/1,111368,lil,https://blog.csdn.net/think2me/article/details/13000164,379,779
yh259,李岩,15836020496,618,2019/9/2,111369,lil,https://blog.csdn.net/think2me/article/details/13000165,380,780
yh260,李岩,15836020497,619,2019/9/3,111370,lil,https://blog.csdn.net/think2me/article/details/13000166,381,781
yh261,李岩,15836020498,620,2019/9/4,111371,lil,https://blog.csdn.net/think2me/article/details/13000167,382,782
yh262,李岩,15836020499,621,2019/9/5,111372,lil,https://blog.csdn.net/think2me/article/details/13000168,383,783
yh263,李岩,15836020500,622,2019/9/6,111373,lil,https://blog.csdn.net/think2me/article/details/13000169,384,784
yh264,李岩,15836020501,623,2019/9/7,111374,lil,https://blog.csdn.net/think2me/article/details/13000170,385,785
yh265,李岩,15836020502,624,2019/9/8,111375,lil,https://blog.csdn.net/think2me/article/details/13000171,386,786
yh266,李岩,15836020503,625,2019/9/9,111376,lil,https://blog.csdn.net/think2me/article/details/13000172,387,787
yh267,李岩,15836020504,626,2019/9/10,111377,lil,https://blog.csdn.net/think2me/article/details/13000173,388,788
yh268,李岩,15836020505,627,2019/9/11,111378,lil,https://blog.csdn.net/think2me/article/details/13000174,389,789
yh269,李岩,15836020506,628,2019/9/12,111379,lil,https://blog.csdn.net/think2me/article/details/13000175,390,790
yh270,李岩,15836020507,629,2019/9/13,111380,lil,https://blog.csdn.net/think2me/article/details/13000176,391,791
yh271,李岩,15836020508,630,2019/9/14,111381,lil,https://blog.csdn.net/think2me/article/details/13000177,392,792
yh272,李岩,15836020509,631,2019/9/15,111382,lil,https://blog.csdn.net/think2me/article/details/13000178,393,793
yh273,李岩,15836020510,632,2019/9/16,111383,lil,https://blog.csdn.net/think2me/article/details/13000179,394,794
yh274,李岩,15836020511,633,2019/9/17,111384,lil,https://blog.csdn.net/think2me/article/details/13000180,395,795
yh275,李岩,15836020512,634,2019/9/18,111385,lil,https://blog.csdn.net/think2me/article/details/13000181,396,796
yh276,李岩,15836020513,635,2019/9/19,111386,lil,https://blog.csdn.net/think2me/article/details/13000182,397,797
yh277,李岩,15836020514,636,2019/9/20,111387,lil,https://blog.csdn.net/think2me/article/details/13000183,398,798
yh278,李岩,15836020515,637,2019/9/21,111388,lil,https://blog.csdn.net/think2me/article/details/13000184,399,799
yh279,李岩,15836020516,638,2019/9/22,111389,lil,https://blog.csdn.net/think2me/article/details/13000185,400,800
yh280,李岩,15836020517,639,2019/9/23,111390,lil,https://blog.csdn.net/think2me/article/details/13000186,401,801
yh281,李岩,15836020518,640,2019/9/24,111391,lil,https://blog.csdn.net/think2me/article/details/13000187,402,802
yh282,李岩,15836020519,641,2019/9/25,111392,lil,https://blog.csdn.net/think2me/article/details/13000188,403,803
yh283,李岩,15836020520,642,2019/9/26,111393,lil,https://blog.csdn.net/think2me/article/details/13000189,404,804
yh284,李岩,15836020521,643,2019/9/27,111394,lil,https://blog.csdn.net/think2me/article/details/13000190,405,805
